<?xml version="1.0" encoding="UTF-8"?>
<project-private xmlns="http://www.netbeans.org/ns/project-private/1">
    <editor-bookmarks xmlns="http://www.netbeans.org/ns/editor-bookmarks/2" lastBookmarkId="0"/>
    <open-files xmlns="http://www.netbeans.org/ns/projectui-open-files/2">
        <group>
            <file>file:/G:/En_cours/GestionGarage/src/gestiongarage/couche03_presentation/gui/GuiPiece.java</file>
            <file>file:/G:/En_cours/GestionGarage/src/gestiongarage/couche03_presentation/gui/GuiPrincipal.java</file>
            <file>file:/G:/En_cours/GestionGarage/src/gestiongarage/GestionGarage.java</file>
            <file>file:/G:/En_cours/GestionGarage/src/gestiongarage/couche01_acces_donnees/dao/ClientDao.java</file>
            <file>file:/G:/En_cours/GestionGarage/src/gestiongarage/couche02/service/ClientService.java</file>
            <file>file:/G:/En_cours/GestionGarage/src/gestiongarage/couche01_acces_donnees/dao/ConnexionBD.java</file>
            <file>file:/G:/En_cours/GestionGarage/src/gestiongarage/couche03_presentation/gui/GuiReparation.java</file>
            <file>file:/G:/En_cours/GestionGarage/src/gestiongarage/couche03_presentation/gui_controller/GuiReparationController.java</file>
        </group>
    </open-files>
</project-private>
